{"fileId":"79153347597dd4801432","fileName":"critical-financial-flows.spec.ts","tests":[{"testId":"79153347597dd4801432-d148d385afbb91a0f901","title":"User Registration and KYC Flow","projectName":"chromium","location":{"file":"critical-financial-flows.spec.ts","line":8,"column":7},"duration":0,"annotations":[],"tags":[],"outcome":"skipped","path":["Critical Financial Flows"],"results":[],"ok":false},{"testId":"79153347597dd4801432-4ab31ba8e44089f758b4","title":"Internal Transfer Flow","projectName":"chromium","location":{"file":"critical-financial-flows.spec.ts","line":19,"column":7},"duration":0,"annotations":[],"tags":[],"outcome":"skipped","path":["Critical Financial Flows"],"results":[],"ok":false},{"testId":"79153347597dd4801432-bf0162aa6de0b4e568b0","title":"Bill Payment Flow","projectName":"chromium","location":{"file":"critical-financial-flows.spec.ts","line":33,"column":7},"duration":0,"annotations":[],"tags":[],"outcome":"skipped","path":["Critical Financial Flows"],"results":[],"ok":false},{"testId":"79153347597dd4801432-b72028b28ee43780b94c","title":"Card Creation Flow","projectName":"chromium","location":{"file":"critical-financial-flows.spec.ts","line":48,"column":7},"duration":0,"annotations":[],"tags":[],"outcome":"skipped","path":["Critical Financial Flows"],"results":[],"ok":false},{"testId":"79153347597dd4801432-e6c38a4d6ef6035c13b3","title":"Loan Application Flow","projectName":"chromium","location":{"file":"critical-financial-flows.spec.ts","line":62,"column":7},"duration":0,"annotations":[],"tags":[],"outcome":"skipped","path":["Critical Financial Flows"],"results":[],"ok":false}]}