{"metadata":{},"startTime":1766563424622,"duration":63.86299999999983,"files":[{"fileId":"79153347597dd4801432","fileName":"critical-financial-flows.spec.ts","tests":[{"testId":"79153347597dd4801432-d148d385afbb91a0f901","title":"User Registration and KYC Flow","projectName":"chromium","location":{"file":"critical-financial-flows.spec.ts","line":8,"column":7},"duration":0,"annotations":[],"tags":[],"outcome":"skipped","path":["Critical Financial Flows"],"ok":false,"results":[]},{"testId":"79153347597dd4801432-4ab31ba8e44089f758b4","title":"Internal Transfer Flow","projectName":"chromium","location":{"file":"critical-financial-flows.spec.ts","line":19,"column":7},"duration":0,"annotations":[],"tags":[],"outcome":"skipped","path":["Critical Financial Flows"],"ok":false,"results":[]},{"testId":"79153347597dd4801432-bf0162aa6de0b4e568b0","title":"Bill Payment Flow","projectName":"chromium","location":{"file":"critical-financial-flows.spec.ts","line":33,"column":7},"duration":0,"annotations":[],"tags":[],"outcome":"skipped","path":["Critical Financial Flows"],"ok":false,"results":[]},{"testId":"79153347597dd4801432-b72028b28ee43780b94c","title":"Card Creation Flow","projectName":"chromium","location":{"file":"critical-financial-flows.spec.ts","line":48,"column":7},"duration":0,"annotations":[],"tags":[],"outcome":"skipped","path":["Critical Financial Flows"],"ok":false,"results":[]},{"testId":"79153347597dd4801432-e6c38a4d6ef6035c13b3","title":"Loan Application Flow","projectName":"chromium","location":{"file":"critical-financial-flows.spec.ts","line":62,"column":7},"duration":0,"annotations":[],"tags":[],"outcome":"skipped","path":["Critical Financial Flows"],"ok":false,"results":[]}],"stats":{"total":5,"expected":0,"unexpected":0,"flaky":0,"skipped":5,"ok":true}},{"fileId":"542ce40c4d5a94d1bfd5","fileName":"critical-flows.spec.ts","tests":[{"testId":"542ce40c4d5a94d1bfd5-66fc2af2878a964021d0","title":"homepage loads successfully","projectName":"chromium","location":{"file":"critical-flows.spec.ts","line":5,"column":7},"duration":0,"annotations":[],"tags":[],"outcome":"skipped","path":["Critical User Flows"],"ok":false,"results":[]},{"testId":"542ce40c4d5a94d1bfd5-44b8f88d6dcaf698029a","title":"login page is accessible","projectName":"chromium","location":{"file":"critical-flows.spec.ts","line":10,"column":7},"duration":0,"annotations":[],"tags":[],"outcome":"skipped","path":["Critical User Flows"],"ok":false,"results":[]},{"testId":"542ce40c4d5a94d1bfd5-1be3e98a0c572370b2ca","title":"register page is accessible","projectName":"chromium","location":{"file":"critical-flows.spec.ts","line":15,"column":7},"duration":0,"annotations":[],"tags":[],"outcome":"skipped","path":["Critical User Flows"],"ok":false,"results":[]},{"testId":"542ce40c4d5a94d1bfd5-90aa279d94abca71cf54","title":"dashboard redirects unauthenticated users","projectName":"chromium","location":{"file":"critical-flows.spec.ts","line":20,"column":7},"duration":0,"annotations":[],"tags":[],"outcome":"skipped","path":["Critical User Flows"],"ok":false,"results":[]},{"testId":"542ce40c4d5a94d1bfd5-49d10808c23a721d416c","title":"transfer pages require authentication","projectName":"chromium","location":{"file":"critical-flows.spec.ts","line":30,"column":7},"duration":0,"annotations":[],"tags":[],"outcome":"skipped","path":["Financial Pages Security"],"ok":false,"results":[]},{"testId":"542ce40c4d5a94d1bfd5-1dc8dae42307a790e2b1","title":"external transfer requires authentication","projectName":"chromium","location":{"file":"critical-flows.spec.ts","line":35,"column":7},"duration":0,"annotations":[],"tags":[],"outcome":"skipped","path":["Financial Pages Security"],"ok":false,"results":[]},{"testId":"542ce40c4d5a94d1bfd5-6a51f92c6274791c0743","title":"loan page requires authentication","projectName":"chromium","location":{"file":"critical-flows.spec.ts","line":40,"column":7},"duration":0,"annotations":[],"tags":[],"outcome":"skipped","path":["Financial Pages Security"],"ok":false,"results":[]},{"testId":"542ce40c4d5a94d1bfd5-2e2dcb01b5883b8827c3","title":"add money page requires authentication","projectName":"chromium","location":{"file":"critical-flows.spec.ts","line":45,"column":7},"duration":0,"annotations":[],"tags":[],"outcome":"skipped","path":["Financial Pages Security"],"ok":false,"results":[]},{"testId":"542ce40c4d5a94d1bfd5-1ecd6b69be10d03d38f6","title":"API returns proper security headers","projectName":"chromium","location":{"file":"critical-flows.spec.ts","line":54,"column":7},"duration":0,"annotations":[],"tags":[],"outcome":"skipped","path":["API Security Headers"],"ok":false,"results":[]}],"stats":{"total":9,"expected":0,"unexpected":0,"flaky":0,"skipped":9,"ok":true}}],"projectNames":["chromium"],"stats":{"total":14,"expected":0,"unexpected":0,"flaky":0,"skipped":14,"ok":true},"errors":[],"options":{}}